{"cameraMode":{"drawMode":0,"name":"Shaded","section":"Shading Mode"},"sceneLighting":true,"audioPlay":false,"sceneViewState":{"m_AlwaysRefresh":false,"showFog":false,"showSkybox":false,"showFlares":true,"showImageEffects":true,"showParticleSystems":true,"showVisualEffectGraphs":true,"m_FxEnabled":false},"in2DMode":false,"pivot":{"x":-0.23342549800872804,"y":-0.9513404965400696,"z":3.2617757320404054},"rotation":{"x":0.2583962380886078,"y":-0.11845892667770386,"z":0.031943902373313907,"w":0.958217978477478},"size":5.091121196746826,"orthographic":true}